ID del Modelo,Tiempo de Entrenamiento (s),Precisión de Validación
1,17.88043642,0.974399984
2,18.17994142,0.974699974
3,18.13530397,0.975700021
4,18.09371209,0.978299975
5,17.73017001,0.976400018
6,18.037251,0.976599991
7,18.28708982,0.978299975
8,18.75337195,0.976899981
9,18.51553011,0.980000019
10,18.27042127,0.979900002
,18.18832281,0.977119994
