ID del Modelo,Tiempo de Entrenamiento (s),Precisión de Validación
1,18015.23456,0.992500007
2,18022.456,0.991900027
3,18027.56789,0.992600024
4,18018.34567,0.991900027
5,18035.6789,0.993456742
6,18021.92765,0.992765442
7,18025.1234,0.991234543
8,18020.5432,0.994345624
9,18027.65432,0.990034572
10,18024.656,0.992344156
,18023.91876,0.992308116
