ID del Modelo,Tiempo de Entrenamiento (s),Precisión de Validación
1,406.0029914,0.990999997
2,420.5160017,0.989000022
3,416.9189997,0.987699986
4,428.1449959,0.991699994
5,425.1569846,0.989700019
6,430.0710003,0.989600003
7,425.1649992,0.988799989
8,427.5889921,0.99000001
9,382.7019932,0.988399982
10,374.4929965,0.990499973
,413.6759955,0.989639997
