ID del Modelo,Tiempo de Entrenamiento (s),Precisión de Validación
1,8815.023136,0.991900027
2,9096.231367,0.993200004
3,9071.905302,0.991999984
4,9216.713695,0.992299974
5,9202.942436,0.99089998
6,8995.557626,0.992200017
7,9808.689647,0.992399991
8,12910.45598,0.992299974
9,12069.59898,0.992200017
10,11234.20186,0.992699981
,10042.132,0.992209995
