ID del Modelo,Tiempo de Entrenamiento (s),Precisión de Validación
1,1808.453743,0.992299974
2,1821.423454,0.992699981
3,1820.815107,0.991400003
4,1833.922238,0.992200017
5,1825.641319,0.992200017
6,1810.297981,0.992600024
7,1809.186172,0.992799997
8,1837.700447,0.99150002
9,1839.902245,0.991100013
10,1843.3255,0.991400003
,1825.066821,0.992020005
